feature,method_used,lower_bound,upper_bound,outlier_count,outlier_percent,skewness,Q1,Q3,IQR
duration,"IQR (Q1-1.5*IQR, Q3+1.5*IQR)",-7.380000000000003,30.300000000000004,1606,0.6688266797711163,0.6047881397620111,6.75,16.17,9.420000000000002
days_left,"IQR (Q1-1.5*IQR, Q3+1.5*IQR)",-19.5,72.5,0,0.0,-0.0359022509509757,15.0,38.0,23.0
