Model,Train MAE,Test MAE,Train RMSE,Test RMSE,Train R²,Test R²
Linear Regression,4640.839013516621,4618.81204836085,7000.706898733684,7006.786933240062,0.904856043026301,0.9047589691340489
Ridge Regression,4640.880448442844,4618.851263808274,7000.70691159853,7006.786082495772,0.9048560426766186,0.9047589922618418
Random Forest,1126.6890316469564,1293.6745212998455,2246.3972534156296,2663.617828192712,0.9902035091345505,0.9862364618563007
Gradient Boosting,2455.820777101056,2467.8488753309207,4201.174774260666,4255.924596976965,0.9657359324799806,0.9648622365813836
